Andraž Levstik <ruskie+2054d253@codemages.net> Andraž "ruskie" Levstik <ruskie@mages.ath.cx>
Andraž Levstik <ruskie+2054d253@codemages.net> Andraž 'ruskie' Levstik <ruskie@codemages.net>
Andraž Levstik <ruskie+2054d253@codemages.net> Andraž Levstik <ruskie@mages.ath.cx>
Andraž Levstik <ruskie+2054d253@codemages.net> Andraz Levstik <ruskie@mages.ath.cx>
Andraž Levstik <ruskie+2054d253@codemages.net> root <root@freya.(none)>
Andraž Levstik <ruskie+2054d253@codemages.net> ruskie <ruskie@freya.(none)>
Andraž Levstik <ruskie+2054d253@codemages.net> ruskie <ruskie@omega.(none)>
Andraž Levstik <ruskie+2054d253@codemages.net> root <root@omega.(none)>
Andraž Levstik <ruskie+2054d253@codemages.net> Andraž Levstik <ruskie@codemages.net>
Anton Brondz <dinolinux@sourcemage.org> Anton Brondz <dinolinux@gmail.com>
Arjan Bouter <abouter@sourcemage.org> arjan <arjan@tonberry.(none)>
Arwed von Merkatz <v.merkatz@gmx.net> Arwed v. Merkatz <v.merkatz@gmx.net>
Arwed von Merkatz <v.merkatz@gmx.net> Arwed <arwed@Otherland.(none)>
Bearcat M. Sandor <bearcat@linux.feline-soul.net> Bearcat M. Sandor <sourcemage@feline-soul.com>
Bearcat M. Sandor <bearcat@linux.feline-soul.net> Bearcat Sandor <sourcemage@feline-soul.com>
Bearcat M. Sandor <bearcat@linux.feline-soul.net> Bearcat Sandor <sourcemage@feline-soul.net>
Colin Childs <phoul@sourcemage.org> Colin Childs <phoul@sourcemage.(none)>
Colin Childs <phoul@sourcemage.org> Colin Phoul Childs <phoul@sourcemage.org>
Dale E. Edmons <linuxfan@sourcemage.org> Dale E. Edmons <dale@cathy.linux.fan>
David Michael Leo Brown Jr <dmlb2000@gmail.com> David Brown <dmlb2000@gmail.com>
David Michael Leo Brown Jr <dmlb2000@gmail.com> David Brown <dmlb2000@dmlb2002.(none)>
David Michael Leo Brown Jr <dmlb2000@gmail.com> David Brown <dmlb2000@dmlb2000.(none)>
David Michael Leo Brown Jr <dmlb2000@gmail.com> root <root@baal.(none)>
David Michael Leo Brown Jr <dmlb2000@gmail.com> David Brown <dmlb2000@kajit-master.(none)>
Elisamuel Resto <ryuji@sourcemage.org> Elisamuel Resto <ryuji@hades.dragonboricua.com>
Elisamuel Resto <ryuji@sourcemage.org> Elisamuel Resto <ryuji@mages.ath.cx>
Elisamuel Resto <ryuji@sourcemage.org> Elisamuel Resto <ryuji@poseidon.dragonboricua.com>
Elisamuel Resto <ryuji@sourcemage.org> root <root@athena.dragonboricua.com>
Eric Sandall <sandalle@sourcemage.org> Eric Sandall <eric@sandall.us>
Eric Sandall <sandalle@sourcemage.org> Eric Sandall <esandall@esandall25808.local.webex.com>
Eric Sandall <sandalle@sourcemage.org> Eric Sandall <sandalle@cerberus.(none)>
Eric Sandall <sandalle@sourcemage.org> Eric Sandall <sandalle@moby.(none)>
Eric Sandall <sandalle@sourcemage.org> Eric Sandall <sandalle@webex-d630.(none)>
Eric Sandall <sandalle@sourcemage.org> root <sandalle@sourcemage.org>
Ethan Grammatikidis <eekee57@fastmail.fm> Ethan "eekee" Grammatikidis <eekee57@fastmail.fm>
Flavien Bridault <vlaaad@sourcemage.org> Flavien Bridault <bridault@lil.univ-littoral.fr>
George Sherwood <gsherwood@sourcemage.org> George Sherwood <chat@sourcemage.org>
George Sherwood <gsherwood@sourcemage.org> George Sherwood <george@beernabeer.com>
George Sherwood <gsherwood@sourcemage.org> George Sherwood <pilot@sourcemage.org>
Ismael Luceno <ismael@sourcemage.org> Ismael E. Luceno <=>
Ismael Luceno <ismael@sourcemage.org> Ismael E. Luceno <ismael.luceno@gmail.com>
Ismael Luceno <ismael@sourcemage.org> Ismael E. Luceno <ismael@sourcemage.org>
Jaka Kranjc <lynxlynxlynx@sourcemage.org> Jaka Kranjc <lynx@mages.ath.cx>
Jeremy Blosser <jblosser-smgl@firinn.org> Jeremy Blosser <jblosser@fawkes.sourcemage.org>
Julien ROZO <julien@rozo.org> Julien ROZO <kaze@maxikaze.KAZE>
Justin Boffemmyer <flux@sourcemage.org> Justin Boffemmyer <flux@shaolin.homelinux.org>
Justin Boffemmyer <flux@sourcemage.org> flux <flux@shaolin.homelinux.org>
Karsten Behrmann <BearPerson@sourcemage.org> Karsten Behrmann <bearperson@gmx.net>
Karsten Behrmann <BearPerson@sourcemage.org> Karsten Behrmann <karsten@carrock.bearperson.de>
Karsten Behrmann <BearPerson@sourcemage.org> Karsten Behrmann <bearperson@sourcemage.org>
Lalo Martins <lalo@sourcemage.org> Lalo Martins <lalo@asimov.hystericalraisins.net>
Lalo Martins <lalo@sourcemage.org> Lalo Martins <lalo@salmao.laranja.org>
Lubomir Blaha <lblaha@sourcemage.org> Lubomir Blaha <tritol@trilogic.cz>
Mark Bainter <mbainter@sourcemage.org> Mark Bainter <mbainter-smgl@lostinagoodbook.org>
Mark Bainter <mbainter@sourcemage.org> Mark Bainter <mbainter-smgl@trampledstones.com>
Mark Bainter <mbainter@sourcemage.org> Mark Bainter <mbainter@baldur.(none)>
Matthew Donovan <mdonovan@sourcemage.org> Matthew Donovan <kitche@reddphoenix.com>
Pieter Lenaerts <e-type@sourcemage.org> Pieter Lenaerts <pieter@agoraeus.(none)>
Pieter Lenaerts <e-type@sourcemage.org> Pieter Lenaerts <pieter@jekyll.(none)>
Pol Vinogradov <vin.public@gmail.com> Pol Vinogradov <pol@albatron.(none)>
Remko van der Vossen <wich@sourcemage.org> Remko van der Vossen <wich@grace.yuugen.jp>
Remko van der Vossen <wich@sourcemage.org> Remko van der Vossen <wich@radio0.stack.nl>
Remko van der Vossen <wich@sourcemage.org> Remko van der Vossen <wich@stack.nl>
Remko van der Vossen <wich@sourcemage.org> Remko van der Vossen <wich@yuugen.jp>
Robert Figura <template@sourcemage.org> Robert Figura <rfigura@kartoffel.(none)>
Thomas Orgis <sobukus@sourcemage.org> Thomas Orgis <thomas@orgis.org>
Tommy Boatman <tboatman@sourcemage.org> Tommy Boatman <tboatman2@sourcemage.org>
Tommy Boatman <tboatman@sourcemage.org> Tommy Boatman <tboatman2@houston.rr.com>
Treeve Jelbert <treeve@sourcemage.org> Treeve Jelbert <treeve@scarlet.be>
Vlad Glagolev <stealth@sourcemage.org> Vlad Glagolev <codex@sourcemage.org>
